"id","sessionId","deviceKey","timestamp","level","message"
1029468,202,"iOS-iPhone-16.7.11-E1026314","2025-12-17 17:54:29.598","COMMAND_SENT","app_msg limit 25 26 0 30"
1029467,202,"iOS-iPhone-16.7.11-E1026314","2025-12-17 17:54:29.668","COMMAND_RESPONSE","OK app_msg limit"
1029451,202,"iOS-iPhone-16.7.11-E1026314","2025-12-17 17:53:59.638","COMMAND_RESPONSE","OK app_msg limit"
1029450,202,"iOS-iPhone-16.7.11-E1026314","2025-12-17 17:53:59.6","COMMAND_SENT","app_msg limit 25 26 0 0"
1029431,202,"iOS-iPhone-16.7.11-E1026314","2025-12-17 17:53:29.638","COMMAND_RESPONSE","OK app_msg limit"
1029430,202,"iOS-iPhone-16.7.11-E1026314","2025-12-17 17:53:29.601","COMMAND_SENT","app_msg limit 25 25 1 27"
1029420,202,"iOS-iPhone-16.7.11-E1026314","2025-12-17 17:53:17.278","COMMAND_RESPONSE","OK app_msg limit"
1029419,202,"iOS-iPhone-16.7.11-E1026314","2025-12-17 17:53:17.216","COMMAND_SENT","app_msg limit 25 23 1 15"
1029344,202,"iOS-iPhone-16.7.11-E1026314","2025-12-17 17:50:59.636","COMMAND_RESPONSE","OK app_msg limit"
1029343,202,"iOS-iPhone-16.7.11-E1026314","2025-12-17 17:50:59.6","COMMAND_SENT","app_msg limit 25 23 1 0"
1029342,202,"iOS-iPhone-16.7.11-E1026314","2025-12-17 17:50:58.767","COMMAND_RESPONSE","OK app_msg limit"
1029341,202,"iOS-iPhone-16.7.11-E1026314","2025-12-17 17:50:58.723","COMMAND_SENT","app_msg limit 25 23 1 0"
1029336,202,"iOS-iPhone-16.7.11-E1026314","2025-12-17 17:50:55.017","COMMAND_RESPONSE","OK app_msg limit"
1029335,202,"iOS-iPhone-16.7.11-E1026314","2025-12-17 17:50:54.924","COMMAND_SENT","app_msg limit 90 23 0 5"
1029330,202,"iOS-iPhone-16.7.11-E1026314","2025-12-17 17:50:50.036","COMMAND_RESPONSE","OK app_msg limit"
1029329,202,"iOS-iPhone-16.7.11-E1026314","2025-12-17 17:50:49.99","COMMAND_SENT","app_msg limit 25 23 0 0"
1029322,202,"iOS-iPhone-16.7.11-E1026314","2025-12-17 17:50:37.439","COMMAND_SENT","app_msg limit 10 23 1 11"
1029321,202,"iOS-iPhone-16.7.11-E1026314","2025-12-17 17:50:37.526","COMMAND_RESPONSE","OK app_msg limit"
1029316,202,"iOS-iPhone-16.7.11-E1026314","2025-12-17 17:50:29.696","COMMAND_RESPONSE","OK app_msg limit"
1029315,202,"iOS-iPhone-16.7.11-E1026314","2025-12-17 17:50:29.6","COMMAND_SENT","app_msg limit 8 23 1 3"
1029310,202,"iOS-iPhone-16.7.11-E1026314","2025-12-17 17:50:25.976","COMMAND_RESPONSE","OK app_msg limit"
1029309,202,"iOS-iPhone-16.7.11-E1026314","2025-12-17 17:50:25.804","COMMAND_SENT","app_msg limit 8 23 1 0"
1029302,202,"iOS-iPhone-16.7.11-E1026314","2025-12-17 17:50:21.071","COMMAND_SENT","app_msg limit 29 23 0 21"
1029301,202,"iOS-iPhone-16.7.11-E1026314","2025-12-17 17:50:21.116","COMMAND_RESPONSE","OK app_msg limit"
1029298,202,"iOS-iPhone-16.7.11-E1026314","2025-12-17 17:50:08.006","COMMAND_RESPONSE","OK swversion Release_v1.5.23-rc5"
1029297,202,"iOS-iPhone-16.7.11-E1026314","2025-12-17 17:50:07.954","COMMAND_SENT","swversion"
1029296,202,"iOS-iPhone-16.7.11-E1026314","2025-12-17 17:50:07.706","COMMAND_RESPONSE","OK measure 2.845 5.097 -0.002 2.158 0.390 0.068 1.727 36.8 0 0"
1029293,202,"iOS-iPhone-16.7.11-E1026314","2025-12-17 17:50:07.649","COMMAND_SENT","measure"
1029292,202,"iOS-iPhone-16.7.11-E1026314","2025-12-17 17:50:06.088","COMMAND_RESPONSE","Usage chmode <0 | 1 | 2>
current mode: 0"
1029291,202,"iOS-iPhone-16.7.11-E1026314","2025-12-17 17:50:06.045","COMMAND_SENT","chmode"
1029290,202,"iOS-iPhone-16.7.11-E1026314","2025-12-17 17:50:05.906","COMMAND_RESPONSE","OK swversion Release_v1.5.23-rc5"
1029289,202,"iOS-iPhone-16.7.11-E1026314","2025-12-17 17:50:05.776","COMMAND_SENT","swversion"
1029288,202,"iOS-iPhone-16.7.11-E1026314","2025-12-17 17:50:05.578","COMMAND_RESPONSE","OK measure 2.843 5.099 -0.001 2.158 0.390 0.068 1.721 36.8 0 0"
1029287,202,"iOS-iPhone-16.7.11-E1026314","2025-12-17 17:50:05.515","COMMAND_SENT","measure"
1029286,202,"iOS-iPhone-16.7.11-E1026314","2025-12-17 17:50:05.306","COMMAND_RESPONSE","OK mwh 598456"
1029285,202,"iOS-iPhone-16.7.11-E1026314","2025-12-17 17:50:05.264","COMMAND_SENT","mwh"
1029284,202,"iOS-iPhone-16.7.11-E1026314","2025-12-17 17:50:05.066","COMMAND_RESPONSE","ERROR py_msg"
1029283,202,"iOS-iPhone-16.7.11-E1026314","2025-12-17 17:50:05.009","COMMAND_SENT","py_msg"
1029282,202,"iOS-iPhone-16.7.11-E1026314","2025-12-17 17:50:04.916","COMMAND_RESPONSE","OK py_msg led_time_before_dim 5"
1029281,202,"iOS-iPhone-16.7.11-E1026314","2025-12-17 17:50:04.75","COMMAND_SENT","py_msg"
1029280,202,"iOS-iPhone-16.7.11-E1026314","2025-12-17 17:50:04.556","COMMAND_RESPONSE","OK app_msg led_time_before_dim"
1029279,202,"iOS-iPhone-16.7.11-E1026314","2025-12-17 17:50:04.494","COMMAND_SENT","app_msg led_time_before_dim"
1029278,202,"iOS-iPhone-16.7.11-E1026314","2025-12-17 17:50:04.286","COMMAND_RESPONSE","OK app_msg led_time_before_dim"
1029277,202,"iOS-iPhone-16.7.11-E1026314","2025-12-17 17:50:04.243","COMMAND_SENT","app_msg led_time_before_dim"
1029276,202,"iOS-iPhone-16.7.11-E1026314","2025-12-17 17:50:04.076","COMMAND_RESPONSE","ERROR py_msg"
1029275,202,"iOS-iPhone-16.7.11-E1026314","2025-12-17 17:50:03.99","COMMAND_SENT","py_msg"
1029274,202,"iOS-iPhone-16.7.11-E1026314","2025-12-17 17:50:03.896","COMMAND_RESPONSE","ERROR py_msg"
1029273,202,"iOS-iPhone-16.7.11-E1026314","2025-12-17 17:50:03.727","COMMAND_SENT","py_msg"
1029272,202,"iOS-iPhone-16.7.11-E1026314","2025-12-17 17:50:03.566","COMMAND_RESPONSE","ERROR py_msg"
1029271,202,"iOS-iPhone-16.7.11-E1026314","2025-12-17 17:50:03.46","COMMAND_SENT","py_msg"
1029270,202,"iOS-iPhone-16.7.11-E1026314","2025-12-17 17:50:03.266","COMMAND_RESPONSE","OK py_msg led_time_before_dim 5"
1029269,202,"iOS-iPhone-16.7.11-E1026314","2025-12-17 17:50:03.21","COMMAND_SENT","py_msg"
1029268,202,"iOS-iPhone-16.7.11-E1026314","2025-12-17 17:50:02.996","COMMAND_RESPONSE","OK app_msg led_time_before_dim"
1029267,202,"iOS-iPhone-16.7.11-E1026314","2025-12-17 17:50:02.942","COMMAND_SENT","app_msg led_time_before_dim"
1029266,202,"iOS-iPhone-16.7.11-E1026314","2025-12-17 17:50:02.726","COMMAND_RESPONSE","OK app_msg limit"
1029265,202,"iOS-iPhone-16.7.11-E1026314","2025-12-17 17:50:02.682","COMMAND_SENT","app_msg limit 22 23 0 1"
1029262,202,"iOS-iPhone-16.7.11-E1026314","2025-12-17 17:50:02.486","COMMAND_RESPONSE","OK py_msg led_time_before_dim 5"
1029261,202,"iOS-iPhone-16.7.11-E1026314","2025-12-17 17:50:02.432","COMMAND_SENT","py_msg"
1029260,202,"iOS-iPhone-16.7.11-E1026314","2025-12-17 17:50:02.216","COMMAND_RESPONSE","OK app_msg led_time_before_dim"
1029259,202,"iOS-iPhone-16.7.11-E1026314","2025-12-17 17:50:02.173","COMMAND_SENT","app_msg led_time_before_dim"
1029258,202,"iOS-iPhone-16.7.11-E1026314","2025-12-17 17:50:01.976","COMMAND_RESPONSE","OK app_msg limit"
1029255,202,"iOS-iPhone-16.7.11-E1026314","2025-12-17 17:50:01.766","COMMAND_RESPONSE","OK app_msg led_time_before_dim"
1029254,202,"iOS-iPhone-16.7.11-E1026314","2025-12-17 17:50:01.919","COMMAND_SENT","app_msg limit 22 23 0 1"
1029253,202,"iOS-iPhone-16.7.11-E1026314","2025-12-17 17:50:01.916","COMMAND_RESPONSE","OK py_msg led_time_before_dim 5"
1029252,202,"iOS-iPhone-16.7.11-E1026314","2025-12-17 17:50:01.527","COMMAND_RESPONSE","OK app_msg limit"
1029251,202,"iOS-iPhone-16.7.11-E1026314","2025-12-17 17:50:01.659","COMMAND_SENT","py_msg"
1029250,202,"iOS-iPhone-16.7.11-E1026314","2025-12-17 17:50:01.394","COMMAND_SENT","app_msg led_time_before_dim"
1029249,202,"iOS-iPhone-16.7.11-E1026314","2025-12-17 17:50:01.137","COMMAND_SENT","app_msg limit 22 23 0 1"
1029148,201,"iOS-iPhone-16.7.11-E1026314","2025-12-17 17:46:53.317","COMMAND_RESPONSE","OK app_msg limit"
1029147,201,"iOS-iPhone-16.7.11-E1026314","2025-12-17 17:46:53.276","COMMAND_SENT","app_msg limit 22 21 1 0"
1029138,201,"iOS-iPhone-16.7.11-E1026314","2025-12-17 17:46:42.308","COMMAND_RESPONSE","OK swversion Release_v1.5.23-rc5"
1029137,201,"iOS-iPhone-16.7.11-E1026314","2025-12-17 17:46:42.252","COMMAND_SENT","swversion"
1029136,201,"iOS-iPhone-16.7.11-E1026314","2025-12-17 17:46:42.077","COMMAND_RESPONSE","OK measure 5.070 5.079 -0.440 2.158 0.480 0.058 1.734 35.8 0 0"
1029135,201,"iOS-iPhone-16.7.11-E1026314","2025-12-17 17:46:41.948","COMMAND_SENT","measure"
1029134,201,"iOS-iPhone-16.7.11-E1026314","2025-12-17 17:46:40.958","COMMAND_RESPONSE","ERROR py_msg"
1029133,201,"iOS-iPhone-16.7.11-E1026314","2025-12-17 17:46:40.844","COMMAND_SENT","py_msg"
1029132,201,"iOS-iPhone-16.7.11-E1026314","2025-12-17 17:46:40.657","COMMAND_RESPONSE","ERROR py_msg"
1029131,201,"iOS-iPhone-16.7.11-E1026314","2025-12-17 17:46:40.592","COMMAND_SENT","py_msg"
1029130,201,"iOS-iPhone-16.7.11-E1026314","2025-12-17 17:46:40.447","COMMAND_RESPONSE","OK py_msg led_time_before_dim 5"
1029129,201,"iOS-iPhone-16.7.11-E1026314","2025-12-17 17:46:40.325","COMMAND_SENT","py_msg"
1029128,201,"iOS-iPhone-16.7.11-E1026314","2025-12-17 17:46:40.267","COMMAND_RESPONSE","OK app_msg led_time_before_dim"
1029127,201,"iOS-iPhone-16.7.11-E1026314","2025-12-17 17:46:40.067","COMMAND_SENT","app_msg led_time_before_dim"
1029126,201,"iOS-iPhone-16.7.11-E1026314","2025-12-17 17:46:39.907","COMMAND_RESPONSE","OK app_msg limit"
1029125,201,"iOS-iPhone-16.7.11-E1026314","2025-12-17 17:46:39.806","COMMAND_SENT","app_msg limit 77 21 0 228"
1029124,201,"iOS-iPhone-16.7.11-E1026314","2025-12-17 17:46:39.607","COMMAND_RESPONSE","ERROR py_msg"
1029123,201,"iOS-iPhone-16.7.11-E1026314","2025-12-17 17:46:39.539","COMMAND_SENT","py_msg"
1029122,201,"iOS-iPhone-16.7.11-E1026314","2025-12-17 17:46:39.367","COMMAND_RESPONSE","OK py_msg led_time_before_dim 5"
1029121,201,"iOS-iPhone-16.7.11-E1026314","2025-12-17 17:46:39.286","COMMAND_SENT","py_msg"
1029120,201,"iOS-iPhone-16.7.11-E1026314","2025-12-17 17:46:39.157","COMMAND_RESPONSE","OK app_msg led_time_before_dim"
1029119,201,"iOS-iPhone-16.7.11-E1026314","2025-12-17 17:46:39.032","COMMAND_SENT","app_msg led_time_before_dim"
1029118,201,"iOS-iPhone-16.7.11-E1026314","2025-12-17 17:46:38.919","COMMAND_RESPONSE","OK app_msg limit"
1029117,201,"iOS-iPhone-16.7.11-E1026314","2025-12-17 17:46:38.778","COMMAND_SENT","app_msg limit 77 21 0 228"
1029116,201,"iOS-iPhone-16.7.11-E1026314","2025-12-17 17:46:38.737","COMMAND_RESPONSE","Usage chmode <0 | 1 | 2>
current mode: 0"
1029115,201,"iOS-iPhone-16.7.11-E1026314","2025-12-17 17:46:38.647","COMMAND_RESPONSE","OK py_msg led_time_before_dim 5"
1029114,201,"iOS-iPhone-16.7.11-E1026314","2025-12-17 17:46:38.523","COMMAND_SENT","chmode"
1029113,201,"iOS-iPhone-16.7.11-E1026314","2025-12-17 17:46:38.377","COMMAND_RESPONSE","OK app_msg led_time_before_dim"
1029112,201,"iOS-iPhone-16.7.11-E1026314","2025-12-17 17:46:38.317","COMMAND_RESPONSE","OK app_msg limit"
1029111,201,"iOS-iPhone-16.7.11-E1026314","2025-12-17 17:46:38.269","COMMAND_SENT","py_msg"
1029110,201,"iOS-iPhone-16.7.11-E1026314","2025-12-17 17:46:38.012","COMMAND_SENT","app_msg led_time_before_dim"
1029109,201,"iOS-iPhone-16.7.11-E1026314","2025-12-17 17:46:37.748","COMMAND_SENT","app_msg limit 77 21 0 228"
1029108,201,"iOS-iPhone-16.7.11-E1026314","2025-12-17 17:46:36.947","CONNECTED","Connected to Leo USB EVNC1OLRE (A842C033-8D25-A7AB-2F4F-F9B739D5D51C)"
1029107,201,"iOS-iPhone-16.7.11-E1026314","2025-12-17 17:46:35.33","SCAN","Found device: Leo USB EVNC1OLRE (A842C033-8D25-A7AB-2F4F-F9B739D5D51C)"
1029106,201,"iOS-iPhone-16.7.11-E1026314","2025-12-17 17:46:35.391","SCAN","Found device: Leo USB EVNC1OLRE (A842C033-8D25-A7AB-2F4F-F9B739D5D51C)"
1029105,201,"iOS-iPhone-16.7.11-E1026314","2025-12-17 17:46:35.329","SCAN","Found device: Leo USB EVNC1OLRE (A842C033-8D25-A7AB-2F4F-F9B739D5D51C)"
1029094,201,"iOS-iPhone-16.7.11-E1026314","2025-12-17 17:46:22.268","RECONNECT","Reconnect attempt #1 to A842C033-8D25-A7AB-2F4F-F9B739D5D51C"
1029092,201,"iOS-iPhone-16.7.11-E1026314","2025-12-17 17:46:20.254","DISCONNECT","Disconnected (wasConnected: true, error: The connection has timed out unexpectedly.)"
1029085,201,"iOS-iPhone-16.7.11-E1026314","2025-12-17 17:46:02.959","COMMAND_RESPONSE","OK app_msg limit"
1029084,201,"iOS-iPhone-16.7.11-E1026314","2025-12-17 17:46:02.915","COMMAND_SENT","app_msg limit 77 21 0 210"
1029069,201,"iOS-iPhone-16.7.11-E1026314","2025-12-17 17:45:33.019","COMMAND_RESPONSE","OK app_msg limit"
1029068,201,"iOS-iPhone-16.7.11-E1026314","2025-12-17 17:45:32.915","COMMAND_SENT","app_msg limit 77 21 0 180"
1029051,201,"iOS-iPhone-16.7.11-E1026314","2025-12-17 17:45:02.915","COMMAND_SENT","app_msg limit 77 21 0 150"
1029050,201,"iOS-iPhone-16.7.11-E1026314","2025-12-17 17:45:02.958","COMMAND_RESPONSE","OK app_msg limit"
1029034,201,"iOS-iPhone-16.7.11-E1026314","2025-12-17 17:44:33.048","COMMAND_RESPONSE","OK app_msg limit"
1029033,201,"iOS-iPhone-16.7.11-E1026314","2025-12-17 17:44:32.915","COMMAND_SENT","app_msg limit 77 21 0 120"
1029016,201,"iOS-iPhone-16.7.11-E1026314","2025-12-17 17:44:02.958","COMMAND_RESPONSE","OK app_msg limit"
1029015,201,"iOS-iPhone-16.7.11-E1026314","2025-12-17 17:44:02.914","COMMAND_SENT","app_msg limit 77 21 0 90"
1028998,201,"iOS-iPhone-16.7.11-E1026314","2025-12-17 17:43:32.987","COMMAND_RESPONSE","OK app_msg limit"
1028997,201,"iOS-iPhone-16.7.11-E1026314","2025-12-17 17:43:32.915","COMMAND_SENT","app_msg limit 77 21 0 60"
1028977,201,"iOS-iPhone-16.7.11-E1026314","2025-12-17 17:43:02.957","COMMAND_RESPONSE","OK app_msg limit"
1028976,201,"iOS-iPhone-16.7.11-E1026314","2025-12-17 17:43:02.915","COMMAND_SENT","app_msg limit 77 21 0 30"
1028959,201,"iOS-iPhone-16.7.11-E1026314","2025-12-17 17:42:35.476","COMMAND_RESPONSE","OK app_msg limit"
1028958,201,"iOS-iPhone-16.7.11-E1026314","2025-12-17 17:42:35.363","COMMAND_SENT","app_msg limit 77 21 0 3"
1028957,201,"iOS-iPhone-16.7.11-E1026314","2025-12-17 17:42:32.986","COMMAND_RESPONSE","OK app_msg limit"
1028956,201,"iOS-iPhone-16.7.11-E1026314","2025-12-17 17:42:32.915","COMMAND_SENT","app_msg limit 44 21 0 0"
1028941,201,"iOS-iPhone-16.7.11-E1026314","2025-12-17 17:42:02.956","COMMAND_RESPONSE","OK app_msg limit"
1028940,201,"iOS-iPhone-16.7.11-E1026314","2025-12-17 17:42:02.916","COMMAND_SENT","app_msg limit 44 21 1 0"
1028929,201,"iOS-iPhone-16.7.11-E1026314","2025-12-17 17:41:52.067","COMMAND_RESPONSE","OK app_msg limit"
1028928,201,"iOS-iPhone-16.7.11-E1026314","2025-12-17 17:41:52.006","COMMAND_SENT","app_msg limit 44 21 0 44"
1028923,201,"iOS-iPhone-16.7.11-E1026314","2025-12-17 17:41:42.017","COMMAND_RESPONSE","ERROR py_msg"
1028922,201,"iOS-iPhone-16.7.11-E1026314","2025-12-17 17:41:41.882","COMMAND_SENT","py_msg"
1028921,201,"iOS-iPhone-16.7.11-E1026314","2025-12-17 17:41:41.686","COMMAND_RESPONSE","OK app_msg ghost_mode"
1028920,201,"iOS-iPhone-16.7.11-E1026314","2025-12-17 17:41:41.626","COMMAND_SENT","app_msg ghost_mode 1"
1028919,201,"iOS-iPhone-16.7.11-E1026314","2025-12-17 17:41:39.78","COMMAND_SENT","py_msg"
1028918,201,"iOS-iPhone-16.7.11-E1026314","2025-12-17 17:41:39.828","COMMAND_RESPONSE","ERROR py_msg"
1028917,201,"iOS-iPhone-16.7.11-E1026314","2025-12-17 17:41:32.986","COMMAND_RESPONSE","OK app_msg limit"
1028916,201,"iOS-iPhone-16.7.11-E1026314","2025-12-17 17:41:32.915","COMMAND_SENT","app_msg limit 44 21 0 24"
1028898,201,"iOS-iPhone-16.7.11-E1026314","2025-12-17 17:41:08.056","COMMAND_RESPONSE","OK app_msg limit"
1028897,201,"iOS-iPhone-16.7.11-E1026314","2025-12-17 17:41:08.008","COMMAND_SENT","app_msg limit 44 21 0 0"
1028896,201,"iOS-iPhone-16.7.11-E1026314","2025-12-17 17:41:04.366","COMMAND_RESPONSE","OK app_msg limit"
1028895,201,"iOS-iPhone-16.7.11-E1026314","2025-12-17 17:41:04.274","COMMAND_SENT","app_msg limit 0 21 1 2"
1028894,201,"iOS-iPhone-16.7.11-E1026314","2025-12-17 17:41:02.956","COMMAND_RESPONSE","OK app_msg limit"
1028893,201,"iOS-iPhone-16.7.11-E1026314","2025-12-17 17:41:02.915","COMMAND_SENT","app_msg limit 0 21 1 0"
1028882,201,"iOS-iPhone-16.7.11-E1026314","2025-12-17 17:40:50.716","COMMAND_RESPONSE","OK swversion Release_v1.5.23-rc5"
1028881,201,"iOS-iPhone-16.7.11-E1026314","2025-12-17 17:40:50.665","COMMAND_SENT","swversion"
1028880,201,"iOS-iPhone-16.7.11-E1026314","2025-12-17 17:40:50.418","COMMAND_RESPONSE","OK measure 5.082 5.078 -0.001 2.154 2.710 1.443 1.426 37.8 0 0"
1028879,201,"iOS-iPhone-16.7.11-E1026314","2025-12-17 17:40:50.362","COMMAND_SENT","measure"
1028878,201,"iOS-iPhone-16.7.11-E1026314","2025-12-17 17:40:49.275","COMMAND_RESPONSE","ERROR py_msg"
1028877,201,"iOS-iPhone-16.7.11-E1026314","2025-12-17 17:40:49.229","COMMAND_SENT","py_msg"
1028876,201,"iOS-iPhone-16.7.11-E1026314","2025-12-17 17:40:49.036","COMMAND_RESPONSE","ERROR py_msg"
1028875,201,"iOS-iPhone-16.7.11-E1026314","2025-12-17 17:40:48.982","COMMAND_SENT","py_msg"
1028874,201,"iOS-iPhone-16.7.11-E1026314","2025-12-17 17:40:48.797","COMMAND_RESPONSE","Usage chmode <0 | 1 | 2>
current mode: 0"
1028873,201,"iOS-iPhone-16.7.11-E1026314","2025-12-17 17:40:48.729","COMMAND_SENT","chmode"
1028872,201,"iOS-iPhone-16.7.11-E1026314","2025-12-17 17:40:48.526","COMMAND_RESPONSE","ERROR py_msg"
1028871,201,"iOS-iPhone-16.7.11-E1026314","2025-12-17 17:40:48.482","COMMAND_SENT","py_msg"
1028870,201,"iOS-iPhone-16.7.11-E1026314","2025-12-17 17:40:48.256","COMMAND_RESPONSE","OK py_msg led_time_before_dim 5"
1028869,201,"iOS-iPhone-16.7.11-E1026314","2025-12-17 17:40:48.218","COMMAND_SENT","py_msg"
1028868,201,"iOS-iPhone-16.7.11-E1026314","2025-12-17 17:40:48.016","COMMAND_RESPONSE","OK app_msg led_time_before_dim"
1028867,201,"iOS-iPhone-16.7.11-E1026314","2025-12-17 17:40:47.966","COMMAND_SENT","app_msg led_time_before_dim"
1028866,201,"iOS-iPhone-16.7.11-E1026314","2025-12-17 17:40:47.746","COMMAND_RESPONSE","OK app_msg limit"
1028865,201,"iOS-iPhone-16.7.11-E1026314","2025-12-17 17:40:47.71","COMMAND_SENT","app_msg limit 0 22 0 13"
1028864,201,"iOS-iPhone-16.7.11-E1026314","2025-12-17 17:40:47.506","COMMAND_RESPONSE","OK py_msg led_time_before_dim 5"
1028863,201,"iOS-iPhone-16.7.11-E1026314","2025-12-17 17:40:47.451","COMMAND_SENT","py_msg"
1028862,201,"iOS-iPhone-16.7.11-E1026314","2025-12-17 17:40:47.266","COMMAND_RESPONSE","OK app_msg led_time_before_dim"
1028861,201,"iOS-iPhone-16.7.11-E1026314","2025-12-17 17:40:47.196","COMMAND_SENT","app_msg led_time_before_dim"
1028859,201,"iOS-iPhone-16.7.11-E1026314","2025-12-17 17:40:46.997","COMMAND_RESPONSE","OK app_msg limit"
1028858,201,"iOS-iPhone-16.7.11-E1026314","2025-12-17 17:40:46.945","COMMAND_SENT","app_msg limit 0 22 0 13"
1028857,201,"iOS-iPhone-16.7.11-E1026314","2025-12-17 17:40:46.726","COMMAND_RESPONSE","OK swversion Release_v1.5.23-rc5"
1028856,201,"iOS-iPhone-16.7.11-E1026314","2025-12-17 17:40:46.685","COMMAND_SENT","swversion"
1028855,201,"iOS-iPhone-16.7.11-E1026314","2025-12-17 17:40:46.456","COMMAND_RESPONSE","OK app_msg led_time_before_dim"
1028854,201,"iOS-iPhone-16.7.11-E1026314","2025-12-17 17:40:46.516","COMMAND_RESPONSE","OK py_msg led_time_before_dim 5"
1028853,201,"iOS-iPhone-16.7.11-E1026314","2025-12-17 17:40:46.43","COMMAND_SENT","py_msg"
1028851,201,"iOS-iPhone-16.7.11-E1026314","2025-12-17 17:40:46.277","COMMAND_RESPONSE","OK app_msg limit"
1028850,201,"iOS-iPhone-16.7.11-E1026314","2025-12-17 17:40:46.183","COMMAND_SENT","app_msg led_time_before_dim"
1028849,201,"iOS-iPhone-16.7.11-E1026314","2025-12-17 17:40:45.918","COMMAND_SENT","app_msg limit 0 22 0 13"
1028848,201,"iOS-iPhone-16.7.11-E1026314","2025-12-17 17:40:45.358","CONNECTED","Connected to Leo USB EVNC1OLRE (A842C033-8D25-A7AB-2F4F-F9B739D5D51C)"
1028847,201,"iOS-iPhone-16.7.11-E1026314","2025-12-17 17:40:44.887","SCAN","Found device: Leo USB EVNC1OLRE (A842C033-8D25-A7AB-2F4F-F9B739D5D51C)"
1028833,200,"iOS-iPhone-16.7.11-E1026314","2025-12-17 17:40:20.468","CONNECT","Connecting to Leo Usb (A842C033-8D25-A7AB-2F4F-F9B739D5D51C)"
1028830,200,"iOS-iPhone-16.7.11-E1026314","2025-12-17 17:40:19.334","RECONNECT","Reconnect attempt #1 to A842C033-8D25-A7AB-2F4F-F9B739D5D51C"
1028825,200,"iOS-iPhone-16.7.11-E1026314","2025-12-17 17:40:17.333","DISCONNECT","Disconnected (wasConnected: true, error: The connection has timed out unexpectedly.)"
1028823,200,"iOS-iPhone-16.7.11-E1026314","2025-12-17 17:40:16.743","COMMAND_SENT","py_msg"
1028822,200,"iOS-iPhone-16.7.11-E1026314","2025-12-17 17:40:17.106","SCAN","Found device: Leo USB EVNC1OLRE (A842C033-8D25-A7AB-2F4F-F9B739D5D51C)"
1028821,200,"iOS-iPhone-16.7.11-E1026314","2025-12-17 17:40:16.999","COMMAND_SENT","py_msg"
1028820,200,"iOS-iPhone-16.7.11-E1026314","2025-12-17 17:40:16.98","SCAN","Found device: Leo USB EVNC1OLRE (A842C033-8D25-A7AB-2F4F-F9B739D5D51C)"
1028819,200,"iOS-iPhone-16.7.11-E1026314","2025-12-17 17:40:16.977","SCAN","Found device: Leo USB EVNC1OLRE (A842C033-8D25-A7AB-2F4F-F9B739D5D51C)"
1028818,200,"iOS-iPhone-16.7.11-E1026314","2025-12-17 17:40:16.795","SCAN","Found device: Leo USB EVNC1OLRE (A842C033-8D25-A7AB-2F4F-F9B739D5D51C)"
1028817,200,"iOS-iPhone-16.7.11-E1026314","2025-12-17 17:40:16.732","SCAN","Found device: Leo USB EVNC1OLRE (A842C033-8D25-A7AB-2F4F-F9B739D5D51C)"
1028816,200,"iOS-iPhone-16.7.11-E1026314","2025-12-17 17:40:16.797","SCAN","Found device: Leo USB EVNC1OLRE (A842C033-8D25-A7AB-2F4F-F9B739D5D51C)"
1028815,200,"iOS-iPhone-16.7.11-E1026314","2025-12-17 17:40:16.731","SCAN","Found device: Leo USB EVNC1OLRE (A842C033-8D25-A7AB-2F4F-F9B739D5D51C)"
1028814,200,"iOS-iPhone-16.7.11-E1026314","2025-12-17 17:40:16.667","SCAN","Found device: Leo USB EVNC1OLRE (A842C033-8D25-A7AB-2F4F-F9B739D5D51C)"
1028813,200,"iOS-iPhone-16.7.11-E1026314","2025-12-17 17:40:16.667","SCAN","Found device: Leo USB EVNC1OLRE (A842C033-8D25-A7AB-2F4F-F9B739D5D51C)"
1028812,200,"iOS-iPhone-16.7.11-E1026314","2025-12-17 17:40:16.492","COMMAND_SENT","py_msg"
1028810,200,"iOS-iPhone-16.7.11-E1026314","2025-12-17 17:40:16.233","COMMAND_SENT","app_msg led_time_before_dim"
1028809,200,"iOS-iPhone-16.7.11-E1026314","2025-12-17 17:40:15.982","COMMAND_SENT","app_msg limit 0 23 0 11"
1028808,200,"iOS-iPhone-16.7.11-E1026314","2025-12-17 17:40:15.727","COMMAND_SENT","py_msg"
1028807,200,"iOS-iPhone-16.7.11-E1026314","2025-12-17 17:40:15.476","COMMAND_SENT","app_msg led_time_before_dim"
1028806,200,"iOS-iPhone-16.7.11-E1026314","2025-12-17 17:40:15.604","COMMAND_RESPONSE","OK app_msg led_time_before_dim"
1028805,200,"iOS-iPhone-16.7.11-E1026314","2025-12-17 17:40:15.398","COMMAND_RESPONSE","OK app_msg limit"
1028804,200,"iOS-iPhone-16.7.11-E1026314","2025-12-17 17:40:15.217","COMMAND_SENT","app_msg limit 0 23 0 11"
1028803,200,"iOS-iPhone-16.7.11-E1026314","2025-12-17 17:40:14.96","COMMAND_SENT","py_msg"
1028802,200,"iOS-iPhone-16.7.11-E1026314","2025-12-17 17:40:14.709","COMMAND_SENT","chmode"
1028801,200,"iOS-iPhone-16.7.11-E1026314","2025-12-17 17:40:14.458","COMMAND_SENT","py_msg"
1028800,200,"iOS-iPhone-16.7.11-E1026314","2025-12-17 17:40:14.207","COMMAND_SENT","app_msg led_time_before_dim"
1028799,200,"iOS-iPhone-16.7.11-E1026314","2025-12-17 17:40:13.955","COMMAND_SENT","app_msg limit 0 23 0 11"
1028798,200,"iOS-iPhone-16.7.11-E1026314","2025-12-17 17:40:13.187","CONNECTED","Connected to Leo USB EVNC1OLRE (A842C033-8D25-A7AB-2F4F-F9B739D5D51C)"
1028797,200,"iOS-iPhone-16.7.11-E1026314","2025-12-17 17:40:11.888","SCAN","Found device: Leo USB EVNC1OLRE (A842C033-8D25-A7AB-2F4F-F9B739D5D51C)"
1028763,199,"iOS-iPhone-16.7.11-E1026314","2025-12-17 17:39:15.698","CONNECT","Connecting to Leo USB EVNC1OLRE (A842C033-8D25-A7AB-2F4F-F9B739D5D51C)"
1028762,199,"iOS-iPhone-16.7.11-E1026314","2025-12-17 17:39:15.7","DISCONNECT","Disconnected (wasConnected: false, error: No error)"
1028755,199,"iOS-iPhone-16.7.11-E1026314","2025-12-17 17:39:09.657","SCAN","Found device: Leo USB EVNC1OLRE (A842C033-8D25-A7AB-2F4F-F9B739D5D51C)"
1028754,199,"iOS-iPhone-16.7.11-E1026314","2025-12-17 17:39:09.587","SCAN","Found device: Leo USB EVNC1OLRE (A842C033-8D25-A7AB-2F4F-F9B739D5D51C)"
1028753,199,"iOS-iPhone-16.7.11-E1026314","2025-12-17 17:39:09.586","SCAN","Found device: Leo USB EVNC1OLRE (A842C033-8D25-A7AB-2F4F-F9B739D5D51C)"
1028752,199,"iOS-iPhone-16.7.11-E1026314","2025-12-17 17:39:09.658","SCAN","Found device: Leo USB EVNC1OLRE (A842C033-8D25-A7AB-2F4F-F9B739D5D51C)"
1028751,199,"iOS-iPhone-16.7.11-E1026314","2025-12-17 17:39:09.521","SCAN","Found device: Leo USB EVNC1OLRE (A842C033-8D25-A7AB-2F4F-F9B739D5D51C)"
1028750,199,"iOS-iPhone-16.7.11-E1026314","2025-12-17 17:39:09.524","SCAN","Found device: Leo USB EVNC1OLRE (A842C033-8D25-A7AB-2F4F-F9B739D5D51C)"
1028749,199,"iOS-iPhone-16.7.11-E1026314","2025-12-17 17:39:09.387","SCAN","Found device: Leo USB EVNC1OLRE (A842C033-8D25-A7AB-2F4F-F9B739D5D51C)"
1028683,198,"iOS-iPhone-16.7.11-E1026314","2025-12-17 17:37:19.318","SCAN","Found device: Leo USB EVNC1OLRE (A842C033-8D25-A7AB-2F4F-F9B739D5D51C)"
1028682,198,"iOS-iPhone-16.7.11-E1026314","2025-12-17 17:37:19.143","SCAN","Found device: Leo USB EVNC1OLRE (A842C033-8D25-A7AB-2F4F-F9B739D5D51C)"
1028681,198,"iOS-iPhone-16.7.11-E1026314","2025-12-17 17:37:18.942","SCAN","Found device: Leo USB EVNC1OLRE (A842C033-8D25-A7AB-2F4F-F9B739D5D51C)"
1028680,198,"iOS-iPhone-16.7.11-E1026314","2025-12-17 17:37:18.943","SCAN","Found device: Leo USB EVNC1OLRE (A842C033-8D25-A7AB-2F4F-F9B739D5D51C)"
1028673,198,"iOS-iPhone-16.7.11-E1026314","2025-12-17 17:37:04.496","RECONNECT","Reconnect attempt #1 to A842C033-8D25-A7AB-2F4F-F9B739D5D51C"
1028672,198,"iOS-iPhone-16.7.11-E1026314","2025-12-17 17:37:02.391","DISCONNECT","Disconnected (wasConnected: true, error: The connection has timed out unexpectedly.)"
1028625,198,"iOS-iPhone-16.7.11-E1026314","2025-12-17 17:35:33.428","COMMAND_RESPONSE","OK swversion Release_v1.5.23-rc5"
1028624,198,"iOS-iPhone-16.7.11-E1026314","2025-12-17 17:35:33.345","COMMAND_SENT","swversion"
1028623,198,"iOS-iPhone-16.7.11-E1026314","2025-12-17 17:35:33.218","COMMAND_RESPONSE","OK measure 5.089 5.089 1.005e-06 1.416 0.396 1.523 1.442 36.8 0 0"
1028622,198,"iOS-iPhone-16.7.11-E1026314","2025-12-17 17:35:33.038","COMMAND_SENT","measure"
1028621,198,"iOS-iPhone-16.7.11-E1026314","2025-12-17 17:35:31.987","COMMAND_RESPONSE","ERROR py_msg"
1028620,198,"iOS-iPhone-16.7.11-E1026314","2025-12-17 17:35:31.858","COMMAND_SENT","py_msg"
1028619,198,"iOS-iPhone-16.7.11-E1026314","2025-12-17 17:35:31.718","COMMAND_RESPONSE","ERROR py_msg"
1028618,198,"iOS-iPhone-16.7.11-E1026314","2025-12-17 17:35:31.594","COMMAND_SENT","py_msg"
1028617,198,"iOS-iPhone-16.7.11-E1026314","2025-12-17 17:35:31.478","COMMAND_RESPONSE","OK py_msg led_time_before_dim 5"
1028616,198,"iOS-iPhone-16.7.11-E1026314","2025-12-17 17:35:31.333","COMMAND_SENT","py_msg"
1028615,198,"iOS-iPhone-16.7.11-E1026314","2025-12-17 17:35:31.298","COMMAND_RESPONSE","OK app_msg led_time_before_dim"
1028614,198,"iOS-iPhone-16.7.11-E1026314","2025-12-17 17:35:31.079","COMMAND_SENT","app_msg led_time_before_dim"
1028613,198,"iOS-iPhone-16.7.11-E1026314","2025-12-17 17:35:30.938","COMMAND_RESPONSE","OK app_msg limit"
1028612,198,"iOS-iPhone-16.7.11-E1026314","2025-12-17 17:35:30.821","COMMAND_SENT","app_msg limit 0 23 1 0"
1028611,198,"iOS-iPhone-16.7.11-E1026314","2025-12-17 17:35:30.757","COMMAND_RESPONSE","ERROR py_msg"
1028608,198,"iOS-iPhone-16.7.11-E1026314","2025-12-17 17:35:30.559","COMMAND_SENT","py_msg"
1028607,198,"iOS-iPhone-16.7.11-E1026314","2025-12-17 17:35:30.368","COMMAND_RESPONSE","OK py_msg led_time_before_dim 5"
1028606,198,"iOS-iPhone-16.7.11-E1026314","2025-12-17 17:35:30.309","COMMAND_SENT","py_msg"
1028605,198,"iOS-iPhone-16.7.11-E1026314","2025-12-17 17:35:30.308","COMMAND_RESPONSE","OK app_msg led_time_before_dim"
1028604,198,"iOS-iPhone-16.7.11-E1026314","2025-12-17 17:35:29.789","COMMAND_SENT","app_msg limit 0 23 1 0"
1028603,198,"iOS-iPhone-16.7.11-E1026314","2025-12-17 17:35:30.218","COMMAND_RESPONSE","OK app_msg limit"
1028602,198,"iOS-iPhone-16.7.11-E1026314","2025-12-17 17:35:30.135","COMMAND_RESPONSE","OK py_msg led_time_before_dim 5"
1028601,198,"iOS-iPhone-16.7.11-E1026314","2025-12-17 17:35:30.049","COMMAND_SENT","app_msg led_time_before_dim"
1028600,198,"iOS-iPhone-16.7.11-E1026314","2025-12-17 17:35:29.858","COMMAND_RESPONSE","OK app_msg led_time_before_dim"
1028599,198,"iOS-iPhone-16.7.11-E1026314","2025-12-17 17:35:29.682","COMMAND_RESPONSE","OK app_msg limit"
1028598,198,"iOS-iPhone-16.7.11-E1026314","2025-12-17 17:35:29.523","COMMAND_SENT","py_msg"
1028597,198,"iOS-iPhone-16.7.11-E1026314","2025-12-17 17:35:29.272","COMMAND_SENT","app_msg led_time_before_dim"
1028596,198,"iOS-iPhone-16.7.11-E1026314","2025-12-17 17:35:29.019","COMMAND_SENT","app_msg limit 0 23 1 0"
1028595,198,"iOS-iPhone-16.7.11-E1026314","2025-12-17 17:35:28.035","CONNECTED","Connected to Leo USB EVNC1OLRE (A842C033-8D25-A7AB-2F4F-F9B739D5D51C)"
1028592,198,"iOS-iPhone-16.7.11-E1026314","2025-12-17 17:35:27.416","SCAN","Found device: Leo USB EVNC1OLRE (A842C033-8D25-A7AB-2F4F-F9B739D5D51C)"
1028591,198,"iOS-iPhone-16.7.11-E1026314","2025-12-17 17:35:27.415","SCAN","Found device: Leo USB EVNC1OLRE (A842C033-8D25-A7AB-2F4F-F9B739D5D51C)"
1028590,198,"iOS-iPhone-16.7.11-E1026314","2025-12-17 17:35:27.549","SCAN","Found device: Leo USB EVNC1OLRE (A842C033-8D25-A7AB-2F4F-F9B739D5D51C)"
1028589,198,"iOS-iPhone-16.7.11-E1026314","2025-12-17 17:35:27.351","SCAN","Found device: Leo USB EVNC1OLRE (A842C033-8D25-A7AB-2F4F-F9B739D5D51C)"
1028588,198,"iOS-iPhone-16.7.11-E1026314","2025-12-17 17:35:27.224","SCAN","Found device: Leo USB EVNC1OLRE (A842C033-8D25-A7AB-2F4F-F9B739D5D51C)"
1028587,198,"iOS-iPhone-16.7.11-E1026314","2025-12-17 17:35:27.093","SCAN","Found device: Leo USB EVNC1OLRE (A842C033-8D25-A7AB-2F4F-F9B739D5D51C)"
1028578,198,"iOS-iPhone-16.7.11-E1026314","2025-12-17 17:35:08.213","CONNECT","Connecting to Leo Usb (A842C033-8D25-A7AB-2F4F-F9B739D5D51C)"
1028575,198,"iOS-iPhone-16.7.11-E1026314","2025-12-17 17:35:00.497","RECONNECT","Reconnect attempt #1 to A842C033-8D25-A7AB-2F4F-F9B739D5D51C"
1028574,198,"iOS-iPhone-16.7.11-E1026314","2025-12-17 17:34:58.484","DISCONNECT","Disconnected (wasConnected: true, error: The connection has timed out unexpectedly.)"
1028573,198,"iOS-iPhone-16.7.11-E1026314","2025-12-17 17:34:58.332","COMMAND_SENT","app_msg limit 0 23 0 17"
1028572,198,"iOS-iPhone-16.7.11-E1026314","2025-12-17 17:34:58.081","COMMAND_SENT","py_msg"
1028571,198,"iOS-iPhone-16.7.11-E1026314","2025-12-17 17:34:57.571","COMMAND_SENT","app_msg limit 0 23 0 17"
1028569,198,"iOS-iPhone-16.7.11-E1026314","2025-12-17 17:34:57.83","COMMAND_SENT","app_msg led_time_before_dim"
1028567,198,"iOS-iPhone-16.7.11-E1026314","2025-12-17 17:34:57.281","COMMAND_SENT","py_msg"
1028566,198,"iOS-iPhone-16.7.11-E1026314","2025-12-17 17:34:57.025","COMMAND_SENT","py_msg"
1028565,198,"iOS-iPhone-16.7.11-E1026314","2025-12-17 17:34:56.758","COMMAND_SENT","app_msg led_time_before_dim"
1028564,198,"iOS-iPhone-16.7.11-E1026314","2025-12-17 17:34:56.491","COMMAND_SENT","app_msg limit 0 23 0 16"
1028563,198,"iOS-iPhone-16.7.11-E1026314","2025-12-17 17:34:53.903","CONNECTED","Connected to Leo USB EVNC1OLRE (A842C033-8D25-A7AB-2F4F-F9B739D5D51C)"
1028562,198,"iOS-iPhone-16.7.11-E1026314","2025-12-17 17:34:53.307","SCAN","Found device: Leo USB EVNC1OLRE (A842C033-8D25-A7AB-2F4F-F9B739D5D51C)"
1028561,198,"iOS-iPhone-16.7.11-E1026314","2025-12-17 17:34:53.262","CONNECT","Connecting to Leo USB EVNC1OLRE (A842C033-8D25-A7AB-2F4F-F9B739D5D51C)"
1028560,198,"iOS-iPhone-16.7.11-E1026314","2025-12-17 17:34:53.239","SCAN","Found device: Leo USB EVNC1OLRE (A842C033-8D25-A7AB-2F4F-F9B739D5D51C)"
1028559,198,"iOS-iPhone-16.7.11-E1026314","2025-12-17 17:34:53.174","SCAN","Found device: Leo USB EVNC1OLRE (A842C033-8D25-A7AB-2F4F-F9B739D5D51C)"
1028558,198,"iOS-iPhone-16.7.11-E1026314","2025-12-17 17:34:53.039","SCAN","Found device: Leo USB EVNC1OLRE (A842C033-8D25-A7AB-2F4F-F9B739D5D51C)"
1028557,198,"iOS-iPhone-16.7.11-E1026314","2025-12-17 17:34:53.037","SCAN","Found device: Leo USB EVNC1OLRE (A842C033-8D25-A7AB-2F4F-F9B739D5D51C)"
1028556,198,"iOS-iPhone-16.7.11-E1026314","2025-12-17 17:34:52.977","SCAN","Found device: Leo USB EVNC1OLRE (A842C033-8D25-A7AB-2F4F-F9B739D5D51C)"
1028555,198,"iOS-iPhone-16.7.11-E1026314","2025-12-17 17:34:52.979","SCAN","Found device: Leo USB EVNC1OLRE (A842C033-8D25-A7AB-2F4F-F9B739D5D51C)"
1028552,198,"iOS-iPhone-16.7.11-E1026314","2025-12-17 17:34:52.784","SCAN","Found device: Leo USB EVNC1OLRE (A842C033-8D25-A7AB-2F4F-F9B739D5D51C)"
1028551,198,"iOS-iPhone-16.7.11-E1026314","2025-12-17 17:34:52.783","SCAN","Found device: Leo USB EVNC1OLRE (A842C033-8D25-A7AB-2F4F-F9B739D5D51C)"
1028550,198,"iOS-iPhone-16.7.11-E1026314","2025-12-17 17:34:52.715","SCAN","Found device: Leo USB EVNC1OLRE (A842C033-8D25-A7AB-2F4F-F9B739D5D51C)"
1028549,198,"iOS-iPhone-16.7.11-E1026314","2025-12-17 17:34:52.716","SCAN","Found device: Leo USB EVNC1OLRE (A842C033-8D25-A7AB-2F4F-F9B739D5D51C)"
1028548,198,"iOS-iPhone-16.7.11-E1026314","2025-12-17 17:34:52.649","SCAN","Found device: Leo USB EVNC1OLRE (A842C033-8D25-A7AB-2F4F-F9B739D5D51C)"
1028547,198,"iOS-iPhone-16.7.11-E1026314","2025-12-17 17:34:52.649","SCAN","Found device: Leo USB EVNC1OLRE (A842C033-8D25-A7AB-2F4F-F9B739D5D51C)"
1028546,198,"iOS-iPhone-16.7.11-E1026314","2025-12-17 17:34:52.526","SCAN","Found device: Leo USB EVNC1OLRE (A842C033-8D25-A7AB-2F4F-F9B739D5D51C)"
1028545,198,"iOS-iPhone-16.7.11-E1026314","2025-12-17 17:34:52.527","SCAN","Found device: Leo USB EVNC1OLRE (A842C033-8D25-A7AB-2F4F-F9B739D5D51C)"
1028544,198,"iOS-iPhone-16.7.11-E1026314","2025-12-17 17:34:52.454","SCAN","Found device: Leo USB EVNC1OLRE (A842C033-8D25-A7AB-2F4F-F9B739D5D51C)"
1028543,198,"iOS-iPhone-16.7.11-E1026314","2025-12-17 17:34:52.453","SCAN","Found device: Leo USB EVNC1OLRE (A842C033-8D25-A7AB-2F4F-F9B739D5D51C)"
1028541,198,"iOS-iPhone-16.7.11-E1026314","2025-12-17 17:34:52.328","SCAN","Found device: Leo USB EVNC1OLRE (A842C033-8D25-A7AB-2F4F-F9B739D5D51C)"
1028540,198,"iOS-iPhone-16.7.11-E1026314","2025-12-17 17:34:52.329","SCAN","Found device: Leo USB EVNC1OLRE (A842C033-8D25-A7AB-2F4F-F9B739D5D51C)"
1028537,198,"iOS-iPhone-16.7.11-E1026314","2025-12-17 17:34:51.851","SCAN","Found device: Leo USB EVNC1OLRE (A842C033-8D25-A7AB-2F4F-F9B739D5D51C)"
1028536,198,"iOS-iPhone-16.7.11-E1026314","2025-12-17 17:34:51.851","SCAN","Found device: Leo USB EVNC1OLRE (A842C033-8D25-A7AB-2F4F-F9B739D5D51C)"
1028535,198,"iOS-iPhone-16.7.11-E1026314","2025-12-17 17:34:51.784","SCAN","Found device: Leo USB EVNC1OLRE (A842C033-8D25-A7AB-2F4F-F9B739D5D51C)"
1028534,198,"iOS-iPhone-16.7.11-E1026314","2025-12-17 17:34:51.726","SCAN","Found device: Leo USB EVNC1OLRE (A842C033-8D25-A7AB-2F4F-F9B739D5D51C)"
1028533,198,"iOS-iPhone-16.7.11-E1026314","2025-12-17 17:34:51.725","SCAN","Found device: Leo USB EVNC1OLRE (A842C033-8D25-A7AB-2F4F-F9B739D5D51C)"
1028532,198,"iOS-iPhone-16.7.11-E1026314","2025-12-17 17:34:51.599","SCAN","Found device: Leo USB EVNC1OLRE (A842C033-8D25-A7AB-2F4F-F9B739D5D51C)"
1028531,198,"iOS-iPhone-16.7.11-E1026314","2025-12-17 17:34:51.598","SCAN","Found device: Leo USB EVNC1OLRE (A842C033-8D25-A7AB-2F4F-F9B739D5D51C)"
1028530,198,"iOS-iPhone-16.7.11-E1026314","2025-12-17 17:34:51.537","SCAN","Found device: Leo USB EVNC1OLRE (A842C033-8D25-A7AB-2F4F-F9B739D5D51C)"
1028529,198,"iOS-iPhone-16.7.11-E1026314","2025-12-17 17:34:51.536","SCAN","Found device: Leo USB EVNC1OLRE (A842C033-8D25-A7AB-2F4F-F9B739D5D51C)"
1028528,198,"iOS-iPhone-16.7.11-E1026314","2025-12-17 17:34:51.401","SCAN","Found device: Leo USB EVNC1OLRE (A842C033-8D25-A7AB-2F4F-F9B739D5D51C)"
1028527,198,"iOS-iPhone-16.7.11-E1026314","2025-12-17 17:34:51.4","SCAN","Found device: Leo USB EVNC1OLRE (A842C033-8D25-A7AB-2F4F-F9B739D5D51C)"
1028526,198,"iOS-iPhone-16.7.11-E1026314","2025-12-17 17:34:51.333","SCAN","Found device: Leo USB EVNC1OLRE (A842C033-8D25-A7AB-2F4F-F9B739D5D51C)"
1028524,198,"iOS-iPhone-16.7.11-E1026314","2025-12-17 17:34:51.205","SCAN","Found device: Leo USB EVNC1OLRE (A842C033-8D25-A7AB-2F4F-F9B739D5D51C)"
1028523,198,"iOS-iPhone-16.7.11-E1026314","2025-12-17 17:34:51.203","SCAN","Found device: Leo USB EVNC1OLRE (A842C033-8D25-A7AB-2F4F-F9B739D5D51C)"
1028522,198,"iOS-iPhone-16.7.11-E1026314","2025-12-17 17:34:51.082","SCAN","Found device: Leo USB EVNC1OLRE (A842C033-8D25-A7AB-2F4F-F9B739D5D51C)"
1028521,198,"iOS-iPhone-16.7.11-E1026314","2025-12-17 17:34:51.081","SCAN","Found device: Leo USB EVNC1OLRE (A842C033-8D25-A7AB-2F4F-F9B739D5D51C)"
1028520,198,"iOS-iPhone-16.7.11-E1026314","2025-12-17 17:34:51.028","SCAN","Found device: Leo USB EVNC1OLRE (A842C033-8D25-A7AB-2F4F-F9B739D5D51C)"
1028519,198,"iOS-iPhone-16.7.11-E1026314","2025-12-17 17:34:51.027","SCAN","Found device: Leo USB EVNC1OLRE (A842C033-8D25-A7AB-2F4F-F9B739D5D51C)"
1028518,198,"iOS-iPhone-16.7.11-E1026314","2025-12-17 17:34:50.959","SCAN","Found device: Leo USB EVNC1OLRE (A842C033-8D25-A7AB-2F4F-F9B739D5D51C)"
1028517,198,"iOS-iPhone-16.7.11-E1026314","2025-12-17 17:34:50.958","SCAN","Found device: Leo USB EVNC1OLRE (A842C033-8D25-A7AB-2F4F-F9B739D5D51C)"
1028516,198,"iOS-iPhone-16.7.11-E1026314","2025-12-17 17:34:50.896","SCAN","Found device: Leo USB EVNC1OLRE (A842C033-8D25-A7AB-2F4F-F9B739D5D51C)"
1028515,198,"iOS-iPhone-16.7.11-E1026314","2025-12-17 17:34:50.895","SCAN","Found device: Leo USB EVNC1OLRE (A842C033-8D25-A7AB-2F4F-F9B739D5D51C)"
1028514,198,"iOS-iPhone-16.7.11-E1026314","2025-12-17 17:34:50.832","SCAN","Found device: Leo USB EVNC1OLRE (A842C033-8D25-A7AB-2F4F-F9B739D5D51C)"
1028513,198,"iOS-iPhone-16.7.11-E1026314","2025-12-17 17:34:50.832","SCAN","Found device: Leo USB EVNC1OLRE (A842C033-8D25-A7AB-2F4F-F9B739D5D51C)"
1028512,198,"iOS-iPhone-16.7.11-E1026314","2025-12-17 17:34:50.766","SCAN","Found device: Leo USB EVNC1OLRE (A842C033-8D25-A7AB-2F4F-F9B739D5D51C)"
1028511,198,"iOS-iPhone-16.7.11-E1026314","2025-12-17 17:34:50.765","SCAN","Found device: Leo USB EVNC1OLRE (A842C033-8D25-A7AB-2F4F-F9B739D5D51C)"
1028510,198,"iOS-iPhone-16.7.11-E1026314","2025-12-17 17:34:50.702","SCAN","Found device: Leo USB EVNC1OLRE (A842C033-8D25-A7AB-2F4F-F9B739D5D51C)"
1028509,198,"iOS-iPhone-16.7.11-E1026314","2025-12-17 17:34:50.634","SCAN","Found device: Leo USB EVNC1OLRE (A842C033-8D25-A7AB-2F4F-F9B739D5D51C)"
1028508,198,"iOS-iPhone-16.7.11-E1026314","2025-12-17 17:34:50.701","SCAN","Found device: Leo USB EVNC1OLRE (A842C033-8D25-A7AB-2F4F-F9B739D5D51C)"
1028507,198,"iOS-iPhone-16.7.11-E1026314","2025-12-17 17:34:50.633","SCAN","Found device: Leo USB EVNC1OLRE (A842C033-8D25-A7AB-2F4F-F9B739D5D51C)"
1028506,198,"iOS-iPhone-16.7.11-E1026314","2025-12-17 17:34:50.496","SCAN","Found device: Leo USB EVNC1OLRE (A842C033-8D25-A7AB-2F4F-F9B739D5D51C)"
1028505,198,"iOS-iPhone-16.7.11-E1026314","2025-12-17 17:34:50.43","SCAN","Found device: Leo USB EVNC1OLRE (A842C033-8D25-A7AB-2F4F-F9B739D5D51C)"
1028504,198,"iOS-iPhone-16.7.11-E1026314","2025-12-17 17:34:50.43","SCAN","Found device: Leo USB EVNC1OLRE (A842C033-8D25-A7AB-2F4F-F9B739D5D51C)"
1028503,198,"iOS-iPhone-16.7.11-E1026314","2025-12-17 17:34:50.367","SCAN","Found device: Leo USB EVNC1OLRE (A842C033-8D25-A7AB-2F4F-F9B739D5D51C)"
1028502,198,"iOS-iPhone-16.7.11-E1026314","2025-12-17 17:34:50.368","SCAN","Found device: Leo USB EVNC1OLRE (A842C033-8D25-A7AB-2F4F-F9B739D5D51C)"
1028498,198,"iOS-iPhone-16.7.11-E1026314","2025-12-17 17:34:50.305","SCAN","Found device: Leo USB EVNC1OLRE (A842C033-8D25-A7AB-2F4F-F9B739D5D51C)"
1028497,198,"iOS-iPhone-16.7.11-E1026314","2025-12-17 17:34:50.303","SCAN","Found device: Leo USB EVNC1OLRE (A842C033-8D25-A7AB-2F4F-F9B739D5D51C)"
1028496,198,"iOS-iPhone-16.7.11-E1026314","2025-12-17 17:34:50.243","SCAN","Found device: Leo USB EVNC1OLRE (A842C033-8D25-A7AB-2F4F-F9B739D5D51C)"
1028482,197,"iOS-iPhone-16.7.11-E1026314","2025-12-17 17:34:21.145","CONNECT","Connecting to Leo USB EVNC1OLRE (A842C033-8D25-A7AB-2F4F-F9B739D5D51C)"
1028477,197,"iOS-iPhone-16.7.11-E1026314","2025-12-17 17:34:17.297","SCAN","Found device: Leo USB EVNC1OLRE (A842C033-8D25-A7AB-2F4F-F9B739D5D51C)"
1028476,197,"iOS-iPhone-16.7.11-E1026314","2025-12-17 17:34:17.293","SCAN","Found device: Leo USB EVNC1OLRE (A842C033-8D25-A7AB-2F4F-F9B739D5D51C)"
1028408,195,"iOS-iPhone-16.7.11-E1026314","2025-12-17 17:32:38.503","SCAN","Found device: Leo USB EVNC1OLRE (A842C033-8D25-A7AB-2F4F-F9B739D5D51C)"
1028407,195,"iOS-iPhone-16.7.11-E1026314","2025-12-17 17:32:38.368","SCAN","Found device: Leo USB EVNC1OLRE (A842C033-8D25-A7AB-2F4F-F9B739D5D51C)"
1028406,195,"iOS-iPhone-16.7.11-E1026314","2025-12-17 17:32:38.37","SCAN","Found device: Leo USB EVNC1OLRE (A842C033-8D25-A7AB-2F4F-F9B739D5D51C)"
1028405,195,"iOS-iPhone-16.7.11-E1026314","2025-12-17 17:32:38.301","SCAN","Found device: Leo USB EVNC1OLRE (A842C033-8D25-A7AB-2F4F-F9B739D5D51C)"
1028404,195,"iOS-iPhone-16.7.11-E1026314","2025-12-17 17:32:38.3","SCAN","Found device: Leo USB EVNC1OLRE (A842C033-8D25-A7AB-2F4F-F9B739D5D51C)"
1028403,195,"iOS-iPhone-16.7.11-E1026314","2025-12-17 17:32:38.109","SCAN","Found device: Leo USB EVNC1OLRE (A842C033-8D25-A7AB-2F4F-F9B739D5D51C)"
1028402,195,"iOS-iPhone-16.7.11-E1026314","2025-12-17 17:32:37.718","SCAN","Found device: Leo USB EVNC1OLRE (A842C033-8D25-A7AB-2F4F-F9B739D5D51C)"
1028401,195,"iOS-iPhone-16.7.11-E1026314","2025-12-17 17:32:37.654","SCAN","Found device: Leo USB EVNC1OLRE (A842C033-8D25-A7AB-2F4F-F9B739D5D51C)"
1028400,195,"iOS-iPhone-16.7.11-E1026314","2025-12-17 17:32:37.654","SCAN","Found device: Leo USB EVNC1OLRE (A842C033-8D25-A7AB-2F4F-F9B739D5D51C)"
1028399,195,"iOS-iPhone-16.7.11-E1026314","2025-12-17 17:32:37.718","SCAN","Found device: Leo USB EVNC1OLRE (A842C033-8D25-A7AB-2F4F-F9B739D5D51C)"
1028398,195,"iOS-iPhone-16.7.11-E1026314","2025-12-17 17:32:37.58","SCAN","Found device: Leo USB EVNC1OLRE (A842C033-8D25-A7AB-2F4F-F9B739D5D51C)"
1028397,195,"iOS-iPhone-16.7.11-E1026314","2025-12-17 17:32:37.52","SCAN","Found device: Leo USB EVNC1OLRE (A842C033-8D25-A7AB-2F4F-F9B739D5D51C)"
1028396,195,"iOS-iPhone-16.7.11-E1026314","2025-12-17 17:32:37.52","SCAN","Found device: Leo USB EVNC1OLRE (A842C033-8D25-A7AB-2F4F-F9B739D5D51C)"
1028395,195,"iOS-iPhone-16.7.11-E1026314","2025-12-17 17:32:37.456","SCAN","Found device: Leo USB EVNC1OLRE (A842C033-8D25-A7AB-2F4F-F9B739D5D51C)"
1028377,195,"iOS-iPhone-16.7.11-E1026314","2025-12-17 17:32:07.118","CONNECT","Connecting to Leo USB EVNC1OLRE (A842C033-8D25-A7AB-2F4F-F9B739D5D51C)"
1028374,195,"iOS-iPhone-16.7.11-E1026314","2025-12-17 17:32:04.882","SCAN","Found device: Leo USB EVNC1OLRE (A842C033-8D25-A7AB-2F4F-F9B739D5D51C)"
1028373,195,"iOS-iPhone-16.7.11-E1026314","2025-12-17 17:32:04.616","SCAN","Found device: Leo USB EVNC1OLRE (A842C033-8D25-A7AB-2F4F-F9B739D5D51C)"
1028372,195,"iOS-iPhone-16.7.11-E1026314","2025-12-17 17:32:04.614","SCAN","Found device: Leo USB EVNC1OLRE (A842C033-8D25-A7AB-2F4F-F9B739D5D51C)"
1028370,195,"iOS-iPhone-16.7.11-E1026314","2025-12-17 17:32:04.348","SCAN","Found device: Leo USB EVNC1OLRE (A842C033-8D25-A7AB-2F4F-F9B739D5D51C)"
1028369,195,"iOS-iPhone-16.7.11-E1026314","2025-12-17 17:32:04.282","SCAN","Found device: Leo USB EVNC1OLRE (A842C033-8D25-A7AB-2F4F-F9B739D5D51C)"
1028368,195,"iOS-iPhone-16.7.11-E1026314","2025-12-17 17:32:04.213","SCAN","Found device: Leo USB EVNC1OLRE (A842C033-8D25-A7AB-2F4F-F9B739D5D51C)"
1028367,195,"iOS-iPhone-16.7.11-E1026314","2025-12-17 17:32:04.216","SCAN","Found device: Leo USB EVNC1OLRE (A842C033-8D25-A7AB-2F4F-F9B739D5D51C)"
1028366,195,"iOS-iPhone-16.7.11-E1026314","2025-12-17 17:32:04.281","SCAN","Found device: Leo USB EVNC1OLRE (A842C033-8D25-A7AB-2F4F-F9B739D5D51C)"
1028365,195,"iOS-iPhone-16.7.11-E1026314","2025-12-17 17:32:04.083","SCAN","Found device: Leo USB EVNC1OLRE (A842C033-8D25-A7AB-2F4F-F9B739D5D51C)"
1028364,195,"iOS-iPhone-16.7.11-E1026314","2025-12-17 17:32:04.141","SCAN","Found device: Leo USB EVNC1OLRE (A842C033-8D25-A7AB-2F4F-F9B739D5D51C)"
1028363,195,"iOS-iPhone-16.7.11-E1026314","2025-12-17 17:32:04.141","SCAN","Found device: Leo USB EVNC1OLRE (A842C033-8D25-A7AB-2F4F-F9B739D5D51C)"
1028362,195,"iOS-iPhone-16.7.11-E1026314","2025-12-17 17:32:04.083","SCAN","Found device: Leo USB EVNC1OLRE (A842C033-8D25-A7AB-2F4F-F9B739D5D51C)"
1028361,195,"iOS-iPhone-16.7.11-E1026314","2025-12-17 17:32:03.952","SCAN","Found device: Leo USB EVNC1OLRE (A842C033-8D25-A7AB-2F4F-F9B739D5D51C)"
1028360,195,"iOS-iPhone-16.7.11-E1026314","2025-12-17 17:32:03.899","SCAN","Found device: Leo USB EVNC1OLRE (A842C033-8D25-A7AB-2F4F-F9B739D5D51C)"
1028359,195,"iOS-iPhone-16.7.11-E1026314","2025-12-17 17:32:04.022","SCAN","Found device: Leo USB EVNC1OLRE (A842C033-8D25-A7AB-2F4F-F9B739D5D51C)"
1028358,195,"iOS-iPhone-16.7.11-E1026314","2025-12-17 17:32:04.02","SCAN","Found device: Leo USB EVNC1OLRE (A842C033-8D25-A7AB-2F4F-F9B739D5D51C)"
1028357,195,"iOS-iPhone-16.7.11-E1026314","2025-12-17 17:32:03.896","SCAN","Found device: Leo USB EVNC1OLRE (A842C033-8D25-A7AB-2F4F-F9B739D5D51C)"
1028356,195,"iOS-iPhone-16.7.11-E1026314","2025-12-17 17:32:03.834","SCAN","Found device: Leo USB EVNC1OLRE (A842C033-8D25-A7AB-2F4F-F9B739D5D51C)"
1028355,195,"iOS-iPhone-16.7.11-E1026314","2025-12-17 17:32:03.833","SCAN","Found device: Leo USB EVNC1OLRE (A842C033-8D25-A7AB-2F4F-F9B739D5D51C)"
1028354,195,"iOS-iPhone-16.7.11-E1026314","2025-12-17 17:32:03.44","SCAN","Found device: Leo USB EVNC1OLRE (A842C033-8D25-A7AB-2F4F-F9B739D5D51C)"
1028353,195,"iOS-iPhone-16.7.11-E1026314","2025-12-17 17:32:03.383","SCAN","Found device: Leo USB EVNC1OLRE (A842C033-8D25-A7AB-2F4F-F9B739D5D51C)"
1028352,195,"iOS-iPhone-16.7.11-E1026314","2025-12-17 17:32:03.387","SCAN","Found device: Leo USB EVNC1OLRE (A842C033-8D25-A7AB-2F4F-F9B739D5D51C)"
